movie_id,avg_rating,num_votes
tt0012349,8.2,144200
tt0013442,7.8,122095
tt0015864,8.1,126947
tt0017136,8.2,198927
tt0017925,8.1,105053
tt0021749,8.5,214484
tt0022100,8.3,181036
tt0025316,8.1,118660
tt0027977,8.5,282676
tt0029583,7.6,235929
tt0031381,8.2,353158
tt0031679,8.1,128432
tt0032138,8.1,462251
tt0032455,7.7,110094
tt0032551,8.1,107383
tt0032553,8.4,257017
tt0032910,7.5,170479
tt0032976,8.1,161346
tt0033467,8.2,489765
tt0033563,7.2,149920
tt0033870,7.9,173089
tt0034492,7.3,163280
tt0034583,8.5,648743
tt0036775,8.3,179212
tt0038650,8.6,548086
tt0038787,7.9,112882
tt0040522,8.2,190539
tt0040746,7.9,163411
tt0040897,8.2,140080
tt0041959,8.1,193411
tt0042192,8.2,147759
tt0042332,7.3,184896
tt0042876,8.1,194174
tt0043014,8.4,258174
tt0043274,7.3,164389
tt0044079,7.9,147872
tt0044081,7.9,119139
tt0044706,7.9,115400
tt0044741,8.3,100552
tt0045152,8.3,279278
tt0046183,7.3,163421
tt0046250,8.0,156789
tt0046912,8.2,202499
tt0047296,8.1,176102
tt0047396,8.5,563176
tt0047478,8.6,397630
tt0048280,7.3,159445
tt0048424,8.0,106297
tt0048545,7.6,102420
tt0049406,7.9,104580
tt0049730,7.8,102507
tt0050083,9.0,965871
tt0050212,8.1,246596
tt0050825,8.4,235830
tt0050976,8.1,213692
tt0050986,8.1,123235
tt0051201,8.4,159279
tt0052311,7.9,114092
tt0052357,8.2,454902
tt0052618,8.1,268564
tt0053125,8.3,366729
tt0053198,8.0,133259
tt0053285,7.2,170352
tt0053291,8.2,301874
tt0053604,8.3,215666
tt0054047,7.7,109196
tt0054215,8.5,776545
tt0054331,7.9,150660
tt0054698,7.5,202478
tt0055254,7.3,194117
tt0055614,7.6,126627
tt0055630,8.2,141414
tt0055928,7.2,191017
tt0056172,8.3,337234
tt0056193,7.5,114746
tt0056592,8.3,348826
tt0056801,8.0,131605
tt0056869,7.6,217738
tt0057012,8.3,547130
tt0057076,7.3,155140
tt0057115,8.2,274671
tt0057546,7.1,112947
tt0058150,7.7,213859
tt0058331,7.8,196696
tt0058385,7.7,106747
tt0058461,7.9,250134
tt0059578,8.2,296139
tt0059742,8.1,286799
tt0059800,6.9,134897
tt0060196,8.8,880051
tt0060827,8.0,138937
tt0061418,7.7,126903
tt0061512,8.0,196315
tt0061722,8.0,300786
tt0061852,7.6,210763
tt0062512,6.8,124836
tt0062622,8.3,772395
tt0063350,7.8,149287
tt0063442,8.0,208748
tt0063522,8.0,254846
tt0064115,8.0,237559
tt0064116,8.5,380388
tt0064276,7.2,122473
tt0064665,7.8,129873
tt0064757,6.7,106322
tt0065421,7.1,123229
tt0066206,7.9,113414
tt0066921,8.2,927913
tt0066995,6.5,120934
tt0066999,7.7,178884
tt0067116,7.7,148648
tt0067992,7.8,242303
tt0068473,7.6,127276
tt0068646,9.2,2190418
tt0069293,7.9,103955
tt0069704,7.4,104520
tt0070034,7.6,119020
tt0070047,8.1,492212
tt0070328,6.7,122430
tt0070379,7.2,126631
tt0070511,8.0,144684
tt0070608,7.5,148104
tt0070666,7.7,144667
tt0070735,8.2,297108
tt0070917,7.5,103837
tt0071230,7.7,162242
tt0071315,8.1,373081
tt0071360,7.7,134806
tt0071562,9.0,1472478
tt0071807,6.7,119640
tt0071853,8.2,598142
tt0072271,7.4,208463
tt0072431,8.0,179363
tt0072684,8.1,200675
tt0072890,8.0,288467
tt0073195,8.1,726216
tt0073486,8.6,1144933
tt0073629,7.4,181425
tt0074119,7.9,135956
tt0074285,7.4,225048
tt0074486,7.2,141259
tt0074958,8.1,183703
tt0075005,7.5,144784
tt0075148,8.1,678624
tt0075314,8.2,1009196
tt0075686,7.9,289419
tt0075860,7.6,230452
tt0076752,7.0,123067
tt0076759,8.6,1549300
tt0076786,7.3,114933
tt0077402,7.8,135357
tt0077416,8.1,383072
tt0077631,7.2,322093
tt0077651,7.7,335010
tt0077975,7.4,135140
tt0078346,7.4,205628
tt0078748,8.5,1049307
tt0078788,8.4,761542
tt0079116,7.5,161460
tt0079417,7.8,164200
tt0079470,8.0,432758
tt0079501,6.8,242515
tt0079522,7.8,153162
tt0079574,6.3,115505
tt0079817,7.3,246319
tt0079944,8.0,154811
tt0079945,6.4,101320
tt0080120,7.5,117977
tt0080339,7.7,282834
tt0080455,7.9,226924
tt0080487,7.2,133256
tt0080678,8.2,278994
tt0080684,8.7,1483434
tt0080761,6.4,172879
tt0081398,8.1,404869
tt0081505,8.4,1206357
tt0081573,6.8,123521
tt0082010,7.5,132595
tt0082096,8.4,285140
tt0082198,6.9,171913
tt0082340,7.1,170237
tt0082398,6.7,114446
tt0082406,7.2,108887
tt0082495,6.5,110919
tt0082694,7.6,211199
tt0082971,8.4,1099231
tt0083658,8.1,871895
tt0083866,7.9,466017
tt0083907,7.3,248480
tt0083929,7.1,123560
tt0083944,7.7,296899
tt0083987,8.0,246148
tt0084516,7.3,192943
tt0084602,6.9,225236
tt0084726,7.7,134568
tt0084787,8.2,517104
tt0084805,7.4,120951
tt0084827,6.7,143272
tt0085333,6.8,101028
tt0085334,7.9,179730
tt0085794,7.8,129952
tt0085959,7.5,129102
tt0085995,7.3,127106
tt0086034,6.5,119163
tt0086066,7.0,107798
tt0086190,8.3,1193043
tt0086200,6.8,106957
tt0086250,8.3,998338
tt0086465,7.5,179968
tt0086541,7.2,111445
tt0086567,7.1,119923
tt0086879,8.4,462518
tt0086960,7.4,229399
tt0086979,7.5,112469
tt0087182,6.2,191119
tt0087277,6.6,100520
tt0087332,7.8,481135
tt0087363,7.3,270910
tt0087469,7.5,562345
tt0087538,7.3,267508
tt0087544,8.0,194720
tt0087800,7.4,287339
tt0087843,8.3,404194
tt0087884,8.1,137480
tt0087928,6.7,147308
tt0088011,6.9,110675
tt0088128,7.0,134155
tt0088247,8.1,989620
tt0088258,7.9,158410
tt0088323,7.3,167967
tt0088763,8.5,1427390
tt0088846,7.8,220575
tt0088847,7.8,467381
tt0088930,7.3,120650
tt0088939,7.7,102969
tt0088944,6.7,185688
tt0089218,7.7,322354
tt0089530,6.2,160773
tt0089880,6.5,193751
tt0089881,8.2,149392
tt0089927,6.9,241703
tt0090264,6.3,110908
tt0090305,6.6,104631
tt0090329,7.3,112312
tt0090555,6.7,122919
tt0090605,8.4,831652
tt0090728,7.2,164842
tt0090756,7.7,239890
tt0091042,7.8,411010
tt0091064,7.6,221099
tt0091203,7.0,156526
tt0091251,8.3,119323
tt0091326,6.2,108029
tt0091369,7.3,161660
tt0091605,7.7,125504
tt0091763,8.1,466494
tt0092005,8.1,478958
tt0092067,8.0,195403
tt0092099,7.0,542838
tt0092563,7.2,102513
tt0092644,6.6,146602
tt0092675,6.8,101586
tt0092890,7.1,276317
tt0092965,7.7,141203
tt0092991,7.7,194040
tt0093010,6.9,109504
tt0093058,8.2,841002
tt0093105,7.3,163540
tt0093177,6.9,152053
tt0093389,7.7,118181
tt0093409,7.6,292727
tt0093428,6.7,112600
tt0093437,7.2,175178
tt0093748,7.6,178430
tt0093773,7.8,493106
tt0093779,8.0,479435
tt0093822,7.3,159033
tt0093870,7.6,304504
tt0093894,6.6,186757
tt0094012,7.1,223357
tt0094226,7.8,350426
tt0094291,7.3,173090
tt0094625,8.0,222596
tt0094721,7.4,413523
tt0094737,7.3,256726
tt0094862,6.7,129906
tt0094898,7.1,237582
tt0095016,8.2,1017515
tt0095159,7.5,163638
tt0095327,8.5,373602
tt0095489,7.4,105795
tt0095631,7.5,102396
tt0095647,7.8,125751
tt0095705,7.6,217563
tt0095765,8.5,313290
tt0095953,8.0,576873
tt0095956,5.8,147970
tt0096061,6.9,127909
tt0096256,7.2,160915
tt0096283,8.1,422772
tt0096320,6.2,145706
tt0096438,7.7,230908
tt0096446,7.2,137992
tt0096754,7.5,206654
tt0096874,7.8,613177
tt0096895,7.5,427893
tt0096928,6.9,148106
tt0096969,7.2,123299
tt0097165,8.1,629407
tt0097216,7.9,122230
tt0097239,7.3,123075
tt0097351,7.5,137209
tt0097428,6.6,237511
tt0097441,7.8,152015
tt0097493,7.1,125384
tt0097523,6.4,175296
tt0097576,8.2,854980
tt0097733,7.3,199321
tt0097742,6.7,118475
tt0097757,7.6,308301
tt0097814,7.8,184121
tt0097958,7.5,245068
tt0098084,6.5,122674
tt0098206,6.7,110002
tt0098258,7.3,100974
tt0098439,6.4,119729
tt0098554,7.1,119561
tt0098635,7.7,266606
tt0099077,7.8,174465
tt0099088,7.5,513042
tt0099348,8.0,306459
tt0099371,6.1,103836
tt0099423,7.2,403902
tt0099487,7.8,559221
tt0099653,7.1,253101
tt0099674,7.5,449208
tt0099685,8.7,1368902
tt0099700,6.5,119474
tt0099785,7.8,729507
tt0099810,7.5,228194
tt0099871,7.4,127182
tt0099938,6.3,173419
tt0100150,7.7,148262
tt0100157,7.8,260231
tt0100403,6.3,198740
tt0100405,7.1,397743
tt0100507,5.4,159527
tt0100758,6.8,111248
tt0100802,7.5,376960
tt0100814,7.2,163717
tt0100935,7.2,110867
tt0101272,7.0,198901
tt0101410,7.6,134619
tt0101414,8.0,501014
tt0101507,7.8,165983
tt0101540,7.3,239182
tt0101761,7.2,106090
tt0102057,6.8,287916
tt0102059,6.7,123831
tt0102138,8.0,180023
tt0102266,7.0,119096
tt0102510,6.9,138733
tt0102685,7.3,220980
tt0102798,6.9,219737
tt0102926,8.6,1690934
tt0103064,8.6,1267309
tt0103074,7.6,189786
tt0103639,8.0,495254
tt0103644,6.4,348830
tt0103772,7.1,239557
tt0103776,7.1,347053
tt0103855,6.4,157460
tt0103873,7.4,108833
tt0103874,7.4,264950
tt0103919,6.7,108411
tt0104070,6.7,148703
tt0104257,7.7,311912
tt0104348,7.6,125291
tt0104431,6.9,447892
tt0104652,7.7,113990
tt0104691,7.6,203523
tt0104694,7.4,128627
tt0104714,6.7,186878
tt0104797,7.7,109417
tt0104952,7.6,155290
tt0105112,6.8,127157
tt0105236,8.3,1156931
tt0105323,8.0,363146
tt0105417,6.5,116878
tt0105665,7.3,116925
tt0105690,6.5,101295
tt0105695,8.2,463686
tt0105698,6.1,100833
tt0105793,7.0,180595
tt0105812,6.8,103891
tt0106220,6.9,121930
tt0106308,7.4,206277
tt0106489,7.8,180382
tt0106519,7.9,245077
tt0106582,6.5,146956
tt0106611,7.0,120622
tt0106677,7.6,213861
tt0106697,6.7,206673
tt0106856,7.5,222974
tt0106918,6.9,159222
tt0106977,7.8,341822
tt0107048,8.0,730696
tt0107120,6.9,171375
tt0107144,6.6,102958
tt0107206,7.2,121564
tt0107207,8.1,200693
tt0107290,8.2,1157745
tt0107362,6.5,172739
tt0107614,7.1,311343
tt0107688,7.9,407307
tt0107798,6.6,102529
tt0107818,7.7,271307
tt0107822,7.5,100225
tt0107977,6.7,144345
tt0108037,7.8,112704
tt0108052,9.0,1565360
tt0108160,6.8,204081
tt0108358,7.8,188326
tt0108394,7.8,117591
tt0108399,7.9,257978
tt0108550,7.7,266656
tt0109040,6.9,348506
tt0109424,7.9,108419
tt0109444,6.9,115030
tt0109445,7.7,239080
tt0109506,7.5,228246
tt0109686,7.3,438325
tt0109707,7.8,190453
tt0109830,8.8,2453594
tt0109831,7.1,179161
tt0110148,7.5,372246
tt0110322,7.5,196816
tt0110357,8.5,1239508
tt0110413,8.5,1335644
tt0110475,7.0,462349
tt0110478,7.0,125083
tt0110622,6.5,125910
tt0110632,7.2,265190
tt0110912,8.8,2398086
tt0111070,6.6,146530
tt0111161,9.3,3138011
tt0111257,7.3,417916
tt0111282,7.0,216688
tt0111495,8.1,115829
tt0111503,7.3,298234
tt0112281,6.4,246573
tt0112384,7.7,332703
tt0112431,6.9,140890
tt0112442,6.8,311718
tt0112461,7.3,130426
tt0112462,5.5,279764
tt0112471,8.1,370674
tt0112508,6.4,166086
tt0112573,8.3,1149669
tt0112641,8.2,609873
tt0112642,6.2,158062
tt0112697,6.9,273155
tt0112740,7.4,134326
tt0112817,7.5,108032
tt0112818,7.5,107364
tt0112851,7.1,206643
tt0112864,7.6,427343
tt0113101,6.7,115907
tt0113118,7.2,134989
tt0113189,7.2,282703
tt0113247,8.1,220872
tt0113277,8.3,786390
tt0113492,5.6,130978
tt0113497,7.1,406851
tt0113568,7.9,170503
tt0113627,7.5,143507
tt0113749,7.0,133397
tt0113855,5.8,130597
tt0114069,6.6,144336
tt0114148,6.7,215010
tt0114214,6.5,111282
tt0114369,8.6,1982894
tt0114388,7.7,135321
tt0114694,7.1,103828
tt0114709,8.3,1154565
tt0114746,8.0,673624
tt0114814,8.5,1222840
tt0114898,6.3,222173
tt0114924,6.8,124844
tt0115433,5.8,123219
tt0115685,7.3,112971
tt0115759,6.1,109614
tt0115798,6.1,187805
tt0115963,6.5,118623
tt0116136,6.4,105188
tt0116209,7.4,211822
tt0116213,6.2,123152
tt0116282,8.1,774273
tt0116365,7.1,101466
tt0116367,7.2,365089
tt0116483,7.0,301223
tt0116583,7.0,182143
tt0116629,7.0,639690
tt0116695,7.3,306369
tt0116705,5.8,128785
tt0116922,7.6,167655
tt0116996,6.4,256312
tt0117008,7.0,192080
tt0117060,7.2,511445
tt0117218,5.7,129841
tt0117318,7.3,104904
tt0117381,7.7,276699
tt0117438,6.7,142495
tt0117500,7.4,376443
tt0117509,6.7,257111
tt0117571,7.4,435197
tt0117665,7.5,249405
tt0117666,8.0,103871
tt0117705,6.5,227254
tt0117731,7.6,136748
tt0117913,7.5,200347
tt0117951,8.1,762237
tt0117998,6.6,249257
tt0118571,6.5,221744
tt0118583,6.2,289156
tt0118615,4.9,120902
tt0118617,7.2,145185
tt0118655,7.0,270923
tt0118688,3.8,280181
tt0118689,6.5,115614
tt0118694,8.0,184577
tt0118715,8.1,907790
tt0118749,7.9,301042
tt0118799,8.6,801579
tt0118842,7.2,147649
tt0118880,6.9,336225
tt0118883,6.7,112972
tt0118884,7.5,309189
tt0118887,7.0,113663
tt0118928,6.1,106031
tt0118929,7.5,224011
tt0118971,7.5,437133
tt0118998,5.4,106776
tt0119008,7.7,352321
tt0119081,6.6,211422
tt0119094,7.3,422463
tt0119099,7.0,100738
tt0119116,7.6,537815
tt0119164,7.2,118755
tt0119174,7.7,463777
tt0119177,7.7,342989
tt0119217,8.3,1186317
tt0119229,7.3,104224
tt0119282,7.3,275201
tt0119303,4.6,136602
tt0119345,5.8,177933
tt0119395,6.4,130988
tt0119396,7.5,398764
tt0119488,8.2,652970
tt0119528,6.9,358286
tt0119567,6.6,472190
tt0119643,7.2,294816
tt0119654,7.3,655168
tt0119698,8.3,475452
tt0119738,6.4,164562
tt0119822,7.7,334589
tt0120082,6.3,230474
tt0120102,7.1,165389
tt0120184,6.1,117629
tt0120188,7.1,186362
tt0120201,7.3,342179
tt0120338,7.9,1371399
tt0120347,6.5,213472
tt0120363,7.9,660005
tt0120382,8.2,1339472
tt0120484,6.2,189904
tt0120586,8.5,1259137
tt0120587,6.5,170143
tt0120591,6.7,474229
tt0120601,7.7,367138
tt0120611,7.1,325978
tt0120616,7.1,493861
tt0120623,7.2,333771
tt0120630,7.1,223118
tt0120632,6.7,133615
tt0120647,6.3,203016
tt0120655,7.3,238318
tt0120657,6.6,137996
tt0120660,7.3,272285
tt0120663,7.5,415757
tt0120667,5.7,370510
tt0120669,7.5,316137
tt0120679,7.3,100863
tt0120681,6.7,170768
tt0120685,5.5,211527
tt0120689,8.6,1535209
tt0120735,8.1,645016
tt0120737,8.9,2169025
tt0120744,6.5,187806
tt0120746,6.8,208051
tt0120755,6.1,409224
tt0120762,7.7,341018
tt0120768,7.3,165745
tt0120780,7.0,104784
tt0120783,6.7,170598
tt0120784,7.1,152367
tt0120789,7.5,142095
tt0120791,6.4,105323
tt0120794,7.2,159392
tt0120804,6.6,306012
tt0120812,7.1,322611
tt0120815,8.6,1613834
tt0120855,7.3,265289
tt0120863,7.6,210720
tt0120873,6.6,119588
tt0120888,6.9,171666
tt0120889,7.0,119508
tt0120890,6.6,139284
tt0120891,4.9,172451
tt0120902,7.0,113900
tt0120903,7.3,684810
tt0120907,6.8,112503
tt0120912,6.2,426916
tt0120915,6.5,913432
tt0120917,7.4,244622
tt0121164,7.4,324257
tt0121765,6.6,808930
tt0121766,7.6,907691
tt0122151,6.6,179242
tt0122690,7.2,205750
tt0122718,6.3,110650
tt0122933,6.7,167971
tt0123755,7.1,259405
tt0124315,7.4,108670
tt0125439,7.2,377612
tt0125664,7.4,142581
tt0126029,7.9,797645
tt0126886,7.2,110462
tt0127536,7.4,109485
tt0128442,7.3,167101
tt0128445,7.6,206747
tt0128853,6.7,242718
tt0129167,8.1,254881
tt0129290,6.9,128645
tt0129387,7.1,345313
tt0130827,7.6,216251
tt0132477,7.8,110631
tt0133093,8.7,2214847
tt0133152,5.7,240483
tt0133240,7.2,145677
tt0133751,6.6,145679
tt0134084,5.7,179829
tt0134119,7.4,267373
tt0134273,6.6,149993
tt0134847,7.0,262117
tt0137494,6.3,128843
tt0137523,8.8,2553278
tt0138097,7.1,241197
tt0138524,6.3,105123
tt0138704,7.3,191638
tt0138749,6.9,117535
tt0139134,6.8,217879
tt0139654,7.8,509349
tt0140352,7.8,190361
tt0142342,6.5,248851
tt0142688,6.7,208150
tt0143145,6.4,218258
tt0144084,7.6,816598
tt0144117,7.6,260411
tt0145487,7.4,950450
tt0145660,6.7,260462
tt0145681,6.7,198288
tt0146316,5.8,228666
tt0146675,5.8,121726
tt0146838,6.9,130385
tt0146882,7.4,197815
tt0147800,7.4,438509
tt0149261,5.9,150152
tt0150377,6.5,102424
tt0151738,6.0,102149
tt0151804,7.6,305171
tt0154506,7.4,108502
tt0155267,6.9,107053
tt0156887,8.0,116625
tt0158983,7.7,223320
tt0159097,7.2,183864
tt0159273,6.4,118330
tt0159365,7.2,162937
tt0160127,5.6,205525
tt0160862,6.0,111372
tt0161081,6.6,143771
tt0162222,7.8,680510
tt0162346,7.3,131347
tt0162661,7.3,409200
tt0163025,6.0,364963
tt0163187,5.6,109513
tt0163651,7.0,462419
tt0163978,6.6,266107
tt0164052,5.9,145024
tt0164184,6.5,133038
tt0164334,6.4,102584
tt0164912,6.0,158510
tt0165798,7.5,102780
tt0166896,8.0,107174
tt0166924,7.9,420378
tt0167190,6.9,367369
tt0167260,9.0,2131274
tt0167261,8.8,1925080
tt0167404,8.2,1128199
tt0168629,7.9,122775
tt0169102,8.1,128263
tt0169547,8.3,1269579
tt0170016,6.4,328884
tt0171804,7.5,107087
tt0172156,6.6,285585
tt0172493,7.3,230976
tt0172495,8.5,1818509
tt0174856,7.6,106799
tt0175142,6.3,316387
tt0175880,8.0,346409
tt0177789,7.4,189386
tt0177971,6.5,186733
tt0180093,8.3,961516
tt0181689,7.6,614807
tt0181852,6.3,433743
tt0181865,7.5,228713
tt0181875,7.9,311866
tt0182789,6.9,130701
tt0183505,6.6,262870
tt0183649,7.1,299508
tt0183790,7.0,216181
tt0184894,6.6,141181
tt0185125,7.8,108600
tt0185431,5.3,118486
tt0185937,6.5,311488
tt0186151,7.4,122107
tt0187078,6.5,307450
tt0187393,7.2,309588
tt0187738,6.7,250009
tt0190138,6.7,135151
tt0190332,7.9,292125
tt0190590,7.7,348022
tt0195685,7.5,241351
tt0195714,6.7,328669
tt0196229,6.5,312550
tt0198781,8.1,1057670
tt0200465,7.2,195856
tt0200550,5.8,127353
tt0203009,7.6,311599
tt0203019,7.2,130529
tt0204946,6.2,112981
tt0206634,7.9,559513
tt0207201,6.5,236305
tt0208092,8.2,965685
tt0209144,8.4,1416142
tt0209163,6.4,363667
tt0209958,6.4,114926
tt0210945,7.8,246192
tt0211915,8.3,832051
tt0212338,7.0,374566
tt0212346,6.4,245330
tt0212720,7.2,336180
tt0212985,6.8,310698
tt0213149,6.3,366439
tt0213847,7.4,123240
tt0215129,6.5,186842
tt0215750,7.5,290781
tt0216216,5.9,132795
tt0217505,7.5,499172
tt0217869,7.3,463855
tt0218967,6.9,129623
tt0221027,7.5,285667
tt0223897,7.2,127963
tt0227445,6.8,142022
tt0227538,5.6,134330
tt0230011,6.9,145533
tt0230030,6.1,117954
tt0230600,7.6,421649
tt0232500,6.8,450187
tt0234215,7.2,663715
tt0236493,6.1,120177
tt0238380,7.3,359641
tt0240772,7.7,664037
tt0240890,6.8,130150
tt0241303,7.2,209042
tt0241527,7.7,934231
tt0242423,5.5,151552
tt0242653,6.7,570136
tt0243133,7.5,119559
tt0243155,6.8,284022
tt0244244,6.5,202320
tt0245429,8.6,948021
tt0245574,7.7,139030
tt0245712,8.0,271008
tt0245844,7.7,157985
tt0246460,6.1,238244
tt0246578,8.0,900779
tt0247638,6.4,178996
tt0247745,7.0,117715
tt0248667,6.7,109507
tt0249462,7.7,150484
tt0250494,6.5,277798
tt0250687,6.5,129269
tt0250797,6.7,105916
tt0251075,6.1,141890
tt0251127,6.5,311970
tt0251160,7.1,151961
tt0252076,5.4,101433
tt0252866,6.5,284144
tt0253474,8.5,997681
tt0253556,6.2,151489
tt0256380,6.0,152692
tt0256415,6.2,131274
tt0257044,7.6,298122
tt0257076,6.1,159020
tt0257106,5.4,189047
tt0257360,7.2,137411
tt0258000,6.8,312156
tt0258463,7.8,606518
tt0259324,5.3,266152
tt0259446,6.6,150241
tt0259711,6.9,304861
tt0261392,6.8,165546
tt0263488,6.2,155475
tt0264464,8.1,1207273
tt0265086,7.7,449327
tt0265208,6.7,259290
tt0265459,6.8,138596
tt0265666,7.6,329591
tt0266308,7.5,205166
tt0266543,8.2,1190034
tt0266697,8.2,1285386
tt0266915,6.7,256730
tt0266987,7.1,176417
tt0267913,5.4,138142
tt0268126,7.7,212335
tt0268380,7.5,556661
tt0268695,6.0,134884
tt0268978,8.2,1042822
tt0272152,7.4,201342
tt0272338,7.3,194768
tt0274166,6.3,183532
tt0274558,7.5,145992
tt0274812,6.9,107717
tt0275847,7.4,240169
tt0276751,7.1,198623
tt0276919,8.0,167035
tt0277027,7.6,160838
tt0277296,5.5,150723
tt0277371,5.8,124429
tt0277434,7.2,158227
tt0278504,7.2,337597
tt0280590,5.8,162071
tt0280707,7.2,100940
tt0281358,7.3,229634
tt0283111,6.4,119985
tt0285531,5.5,100381
tt0285823,6.3,175546
tt0286106,6.8,409875
tt0286499,6.7,121907
tt0286716,5.7,290228
tt0287467,7.9,121096
tt0287978,5.3,239171
tt0288477,5.6,115901
tt0289043,7.5,529136
tt0289765,7.2,308785
tt0289879,7.6,550282
tt0289992,7.5,131346
tt0290002,6.4,299865
tt0290334,7.4,606383
tt0290673,7.3,160297
tt0292506,6.6,146551
tt0292963,7.3,120235
tt0293429,6.1,201744
tt0293508,7.2,137093
tt0293564,6.2,196662
tt0293662,6.8,335509
tt0295178,6.3,232754
tt0295297,7.5,753050
tt0295700,6.1,143847
tt0295701,5.9,192476
tt0296572,6.6,250118
tt0298130,7.1,398231
tt0298148,7.4,546338
tt0298203,7.2,346988
tt0298814,5.5,114147
tt0299658,7.2,254399
tt0299977,7.9,192890
tt0300471,6.2,116727
tt0301357,7.7,158554
tt0302640,5.6,108621
tt0302886,7.0,254904
tt0304141,7.9,753282
tt0305224,6.3,239507
tt0305357,5.0,137977
tt0306047,5.6,168763
tt0307453,6.0,210234
tt0307901,7.6,190341
tt0307987,7.0,166331
tt0308644,7.6,216450
tt0309593,6.2,214041
tt0309698,7.3,288321
tt0309987,7.1,140618
tt0310793,8.0,151844
tt0311113,7.5,252398
tt0311289,7.0,108112
tt0311429,5.8,190780
tt0312004,7.5,156160
tt0313542,7.1,119565
tt0313737,6.2,133276
tt0314331,7.5,574619
tt0314353,6.6,136549
tt0315327,6.8,463684
tt0315733,7.6,252196
tt0316654,7.5,770107
tt0317198,6.0,131899
tt0317219,7.3,522606
tt0317248,8.6,860308
tt0317705,8.0,884584
tt0317740,7.0,403991
tt0317919,6.9,420540
tt0318462,7.7,108226
tt0318627,6.1,218943
tt0318649,6.1,108270
tt0319061,7.9,475387
tt0319262,6.5,506262
tt0319343,7.1,343188
tt0320661,7.3,346322
tt0320691,7.0,298219
tt0322259,6.0,318724
tt0322330,6.4,174714
tt0322802,6.6,105431
tt0324216,6.2,160680
tt0325703,5.5,150597
tt0325710,7.8,499291
tt0325805,7.3,144412
tt0325980,8.1,1302513
tt0327056,7.9,515953
tt0327084,6.7,200245
tt0327554,3.5,131088
tt0327597,7.8,295477
tt0327850,6.6,147329
tt0328107,7.7,413099
tt0328538,6.8,106532
tt0328828,6.3,226972
tt0328880,6.9,134336
tt0329101,5.8,135036
tt0330373,7.7,739500
tt0330793,6.4,178820
tt0332280,7.8,674832
tt0332379,7.2,353606
tt0332452,7.3,607512
tt0333766,7.4,228024
tt0335245,6.2,111924
tt0335266,7.7,521354
tt0335345,7.3,267946
tt0335438,6.1,160772
tt0337563,6.3,242282
tt0337741,6.8,137271
tt0337921,6.5,109712
tt0337978,7.1,433508
tt0338013,8.3,1165407
tt0338337,6.3,117617
tt0338348,6.6,268165
tt0338526,6.1,303861
tt0338564,8.0,136969
tt0338751,7.5,402860
tt0339291,6.8,229568
tt0340163,6.5,115832
tt0340855,7.3,171497
tt0342258,7.0,111341
tt0343135,6.0,149682
tt0343660,6.8,408390
tt0343737,6.7,111767
tt0343818,7.1,608061
tt0345950,7.2,110719
tt0346491,5.6,182296
tt0347149,8.2,501971
tt0348150,6.1,301538
tt0348333,6.7,111631
tt0348836,5.8,123688
tt0349205,5.9,115057
tt0349683,6.3,181754
tt0349903,6.5,434343
tt0350258,7.7,163832
tt0351283,6.9,471177
tt0351977,6.2,112503
tt0352248,8.0,207466
tt0353969,8.1,257819
tt0355295,5.9,130868
tt0356150,6.6,240458
tt0356470,5.9,100264
tt0356910,6.5,583904
tt0357277,4.7,104127
tt0357413,7.1,397172
tt0358082,6.4,172611
tt0358273,7.8,278438
tt0359013,5.8,199444
tt0359950,7.3,365726
tt0360486,7.0,402457
tt0360717,7.2,466245
tt0361596,7.5,134613
tt0361748,8.4,1747427
tt0361862,7.6,437273
tt0362120,5.1,137122
tt0362227,7.4,528059
tt0362270,7.2,219577
tt0363163,8.2,396418
tt0363547,7.2,285948
tt0363589,7.1,103013
tt0363771,6.9,452981
tt0363988,6.5,219732
tt0364045,6.2,100502
tt0364569,8.3,704242
tt0364725,6.7,281381
tt0364970,5.5,100490
tt0365686,6.3,107713
tt0365737,6.9,137823
tt0365748,7.8,632784
tt0365830,6.8,118772
tt0365907,6.5,131332
tt0366548,6.4,211386
tt0366551,7.0,214517
tt0366627,7.1,123740
tt0367110,8.2,105088
tt0367594,6.7,564294
tt0367882,6.2,510108
tt0367959,6.1,120778
tt0368008,6.6,122066
tt0368447,6.6,294248
tt0368891,6.9,373263
tt0369339,7.5,461994
tt0369441,6.2,161496
tt0369610,6.9,720037
tt0370263,5.7,230109
tt0371606,5.7,107620
tt0371724,6.7,215671
tt0371746,7.9,1204968
tt0372183,7.7,508033
tt0372588,7.2,184110
tt0372784,8.2,1688653
tt0373051,5.8,139368
tt0373074,7.7,161419
tt0373469,7.4,247717
tt0373883,6.1,137882
tt0373889,7.5,687341
tt0373926,6.4,113688
tt0374900,7.0,252692
tt0375063,7.5,215234
tt0375679,7.7,459800
tt0375912,7.2,206116
tt0376136,6.1,109808
tt0376541,7.1,248745
tt0376994,6.6,567601
tt0377092,7.1,477507
tt0377109,5.4,105168
tt0378194,8.0,857529
tt0379725,7.3,148030
tt0379786,7.8,313641
tt0380510,6.6,189637
tt0381061,8.0,734014
tt0381681,8.1,310368
tt0381707,5.9,188021
tt0381849,7.6,348389
tt0382625,6.6,481039
tt0382932,8.1,922284
tt0383028,7.5,103540
tt0383574,7.4,815037
tt0384537,6.5,257775
tt0384793,6.4,144412
tt0384806,5.9,121988
tt0385002,7.4,169632
tt0385004,7.5,119102
tt0385752,6.1,202638
tt0385880,6.7,152937
tt0386117,6.7,111409
tt0386140,6.0,113662
tt0386588,6.6,346608
tt0387131,7.3,154830
tt0387564,7.6,503049
tt0387808,6.5,210728
tt0388482,6.3,224312
tt0388795,7.7,411247
tt0389722,6.6,199281
tt0389790,6.1,193946
tt0389860,6.4,381257
tt0390384,6.7,120320
tt0390521,7.2,116302
tt0391198,5.9,157088
tt0393109,7.1,113451
tt0393162,7.3,188504
tt0395169,8.1,389212
tt0395584,6.7,110367
tt0395699,5.6,105825
tt0396171,7.5,276934
tt0396269,7.0,393952
tt0396555,6.8,119858
tt0397065,5.5,143587
tt0397101,6.5,130409
tt0397535,7.3,170677
tt0397892,6.8,244495
tt0398165,6.4,208593
tt0398286,7.7,536051
tt0398808,7.2,187885
tt0399146,7.4,270037
tt0399201,6.8,339143
tt0399295,7.6,355321
tt0400717,6.1,112672
tt0401383,8.0,112475
tt0401445,6.9,106107
tt0401729,6.6,297046
tt0401792,8.0,816706
tt0401855,6.7,216506
tt0402022,5.4,136306
tt0404032,6.7,148038
tt0404203,7.5,121141
tt0404390,7.3,106416
tt0405094,8.4,439248
tt0405159,8.1,758966
tt0405296,7.0,121235
tt0405325,6.3,100089
tt0405422,7.1,495647
tt0405508,8.1,125927
tt0406375,6.3,124203
tt0406816,6.9,102391
tt0407304,6.6,501756
tt0407887,8.5,1531907
tt0408236,7.3,403661
tt0408306,7.5,251073
tt0408790,6.3,183479
tt0408839,5.9,100685
tt0409182,5.7,114689
tt0409459,7.6,606565
tt0409847,6.0,240236
tt0410297,6.8,164099
tt0411477,7.0,296978
tt0412019,7.1,109689
tt0413099,5.4,161459
tt0413267,6.1,355866
tt0413300,6.3,688379
tt0414387,7.8,368616
tt0414982,5.9,181403
tt0414993,7.1,256506
tt0415306,6.6,211398
tt0416236,6.5,107991
tt0416320,7.6,237205
tt0416449,7.6,904744
tt0417148,5.5,148677
tt0417741,7.6,647935
tt0418279,7.1,710024
tt0418689,7.1,133504
tt0418763,7.0,222172
tt0418819,6.2,104330
tt0419706,5.2,122866
tt0420223,7.5,243739
tt0421073,6.8,125874
tt0421239,6.4,163790
tt0421715,7.8,737142
tt0422720,6.5,129835
tt0423294,6.7,100155
tt0424095,6.6,147843
tt0424136,7.0,173625
tt0424345,7.3,143790
tt0425061,6.5,236070
tt0425112,7.8,561450
tt0425123,6.7,124682
tt0425210,7.7,336775
tt0426883,6.9,111021
tt0426931,7.4,114026
tt0427152,5.9,115335
tt0427327,6.7,144510
tt0427944,7.5,234554
tt0429493,6.7,275844
tt0430105,6.8,166836
tt0430357,6.1,129808
tt0430922,6.8,250068
tt0431197,7.0,136648
tt0431308,7.0,224196
tt0432021,6.2,213623
tt0432283,7.9,298464
tt0432348,6.6,293791
tt0433035,7.1,376736
tt0433362,6.4,140064
tt0433383,7.4,104502
tt0433400,6.2,134373
tt0434409,8.1,1235396
tt0435625,7.2,268360
tt0435651,6.4,129900
tt0435705,6.2,173461
tt0435761,8.3,955778
tt0436697,7.3,119069
tt0437086,7.3,319857
tt0438097,6.8,314187
tt0438488,6.5,390093
tt0439572,6.6,243690
tt0440963,8.0,679089
tt0441773,7.6,568727
tt0441909,7.6,111903
tt0442933,6.3,178916
tt0443272,7.3,282691
tt0443274,6.6,157298
tt0443453,7.4,470807
tt0443543,7.5,401763
tt0443649,5.1,138880
tt0443680,7.5,202170
tt0443706,7.7,658915
tt0445922,7.3,117129
tt0445934,6.3,184274
tt0446029,7.5,491134
tt0448011,6.2,259950
tt0448115,7.0,409016
tt0448134,7.2,283069
tt0448157,6.4,534680
tt0448694,6.6,207918
tt0449010,5.1,133973
tt0449059,7.8,550612
tt0449088,7.1,734717
tt0449467,7.5,327098
tt0450232,6.6,137828
tt0450259,8.0,619342
tt0450278,5.9,202228
tt0450385,6.8,311134
tt0451079,6.8,157192
tt0451279,7.3,730163
tt0452594,5.8,144409
tt0452608,6.4,226863
tt0452623,7.6,306562
tt0452637,5.5,107370
tt0452694,7.1,164372
tt0452702,6.2,112337
tt0453451,6.4,140783
tt0453467,7.1,342501
tt0453562,7.5,107645
tt0454841,6.4,193963
tt0454848,7.6,420732
tt0454876,7.9,694283
tt0454921,8.0,609806
tt0454945,6.4,189618
tt0455407,6.5,136337
tt0455590,7.6,204188
tt0455760,6.1,107707
tt0455824,6.6,133112
tt0455944,7.3,458798
tt0457430,8.2,740141
tt0457510,5.9,100685
tt0457939,7.0,362218
tt0458339,6.9,954648
tt0458352,7.0,518816
tt0458481,6.5,177472
tt0458525,6.5,562941
tt0460791,7.8,126476
tt0461770,7.1,227518
tt0462322,7.5,196000
tt0462499,7.0,254731
tt0462504,7.2,115225
tt0462538,7.3,361376
tt0462590,6.5,132819
tt0463854,6.8,351548
tt0463985,6.1,325711
tt0464141,7.4,169519
tt0464154,5.5,101320
tt0465234,6.5,265028
tt0465494,6.2,185172
tt0465538,7.2,182232
tt0465580,6.1,118919
tt0465602,6.6,158409
tt0467197,5.3,133319
tt0467200,6.7,125910
tt0467406,7.4,569016
tt0468492,7.1,141606
tt0468569,9.1,3114183
tt0469494,8.2,696009
tt0470752,7.7,629827
tt0471042,6.2,156385
tt0472033,7.0,155646
tt0472043,7.8,352765
tt0472062,7.0,129789
tt0472181,5.4,103157
tt0472399,6.5,181303
tt0473075,6.5,315434
tt0473705,7.1,165520
tt0475276,7.6,114876
tt0475290,6.3,148782
tt0475394,6.6,156662
tt0477080,6.8,217153
tt0477302,6.9,107459
tt0477347,6.5,403280
tt0477348,8.2,1165848
tt0478087,6.8,278519
tt0478304,6.8,191042
tt0478311,6.9,396382
tt0478970,7.2,770005
tt0479143,7.1,241043
tt0479884,6.9,275250
tt0479952,6.7,266683
tt0479997,5.4,102057
tt0480025,7.7,134025
tt0480242,6.8,110364
tt0480249,7.2,866030
tt0480255,6.2,110795
tt0480687,5.9,135347
tt0481369,6.4,220082
tt0481499,7.1,248225
tt0481536,6.5,145321
tt0482571,8.5,1561958
tt0482606,6.1,155720
tt0485947,7.7,255712
tt0486576,5.6,296321
tt0486655,7.6,296454
tt0486822,6.8,272213
tt0486946,5.9,127049
tt0488120,7.2,232517
tt0489099,6.1,335552
tt0489270,6.2,225688
tt0490204,7.4,102211
tt0490215,7.2,131641
tt0492956,6.2,102959
tt0493464,6.7,425664
tt0496806,6.9,383771
tt0497465,7.1,278819
tt0498353,5.5,101153
tt0498380,7.8,175922
tt0499448,6.5,236992
tt0499549,7.9,1468944
tt0499556,6.2,100816
tt0756683,7.8,215824
tt0758730,4.6,145165
tt0758746,5.5,125088
tt0758752,6.7,246180
tt0758758,8.0,690688
tt0758766,6.5,110699
tt0758774,7.0,248709
tt0762107,5.9,159957
tt0765010,7.1,168384
tt0765429,7.8,480329
tt0765443,7.6,275042
tt0770828,7.1,858834
tt0780504,7.8,752605
tt0780521,7.2,183466
tt0780536,7.9,488066
tt0780571,7.2,162491
tt0780653,5.9,116863
tt0783233,7.8,323705
tt0790636,7.9,543304
tt0790686,6.1,118443
tt0790724,7.0,387163
tt0790736,5.6,150344
tt0795368,7.3,126824
tt0795421,6.5,299818
tt0796366,7.9,635205
tt0799949,2.5,112925
tt0800039,7.1,317327
tt0800080,6.6,557188
tt0800320,5.8,303067
tt0800369,7.0,953919
tt0803096,6.7,292681
tt0804497,7.1,151362
tt0805564,7.3,165451
tt0808151,6.7,322930
tt0808279,6.5,109378
tt0808417,8.0,104351
tt0810819,7.1,205437
tt0814255,5.9,213034
tt0814314,7.6,323995
tt0815236,6.4,151641
tt0816442,7.5,146758
tt0816462,5.2,105406
tt0816692,8.7,2453389
tt0816711,7.0,772834
tt0817177,7.7,105166
tt0817230,5.8,129037
tt0822832,7.0,174322
tt0822847,5.7,128685
tt0822854,7.1,372633
tt0824747,7.7,273462
tt0825232,7.3,269680
tt0829150,6.2,220990
tt0829482,7.6,682339
tt0830515,6.5,491386
tt0831387,6.4,460453
tt0832266,7.1,180745
tt0834001,6.5,173950
tt0837562,7.0,308080
tt0837563,5.7,103890
tt0838221,7.2,228900
tt0838283,6.9,337318
tt0840361,7.5,441555
tt0842926,7.0,136921
tt0844471,6.9,280370
tt0844708,6.5,107249
tt0848228,8.0,1538593
tt0848537,6.6,113650
tt0851578,7.7,109303
tt0859163,5.2,178385
tt0861739,8.0,117758
tt0862856,6.7,113675
tt0865556,6.5,112862
tt0870111,7.6,115472
tt0870154,6.5,224741
tt0870984,6.5,143530
tt0876563,7.6,181614
tt0878804,7.6,382630
tt0879870,5.9,112621
tt0884328,7.1,368836
tt0887883,7.0,372011
tt0887912,7.5,492294
tt0889573,6.1,116641
tt0889583,5.9,157582
tt0890870,5.9,174843
tt0892318,6.5,111807
tt0892769,8.1,877302
tt0892782,6.4,186566
tt0892791,6.3,241833
tt0898367,7.2,267697
tt0901476,5.5,122187
tt0903624,7.8,918022
tt0905372,6.2,153294
tt0907657,7.8,124432
tt0910936,6.9,370258
tt0910970,8.4,1299523
tt0914798,7.7,269269
tt0918927,7.5,144238
tt0918940,6.2,196214
tt0926084,7.7,652013
tt0929632,7.3,120179
tt0936501,7.7,665634
tt0938283,3.9,180187
tt0942385,7.1,482282
tt0944835,6.5,340874
tt0945513,7.5,576895
tt0947798,8.0,878211
tt0947810,6.8,146918
tt0948470,6.9,752421
tt0949731,5.0,225584
tt0952640,5.3,103260
tt0955308,6.6,294163
tt0959337,7.3,233723
tt0960144,5.6,225334
tt0960731,6.0,105469
tt0963178,6.5,103548
tt0963966,6.1,175620
tt0964517,7.8,404737
tt0970179,7.5,347101
tt0970416,5.5,185842
tt0970866,5.5,124924
tt0974015,6.0,500632
tt0974661,6.4,229705
tt0976051,7.6,272163
tt0978762,8.1,200008
tt0978764,6.1,259819
tt0980970,6.3,175593
tt0983193,7.3,252739
tt0985694,6.6,208929
tt0985699,7.1,271927
tt0986263,6.3,184175
tt0986264,8.3,228590
tt0988045,7.5,700395
tt0988595,6.1,185628
tt0989757,6.3,162703
tt0990407,5.8,168318
tt0993840,5.8,198919
tt0993842,6.7,213752
tt0993846,8.2,1747170
tt1000774,5.7,132419
tt1001508,6.4,192073
tt1001526,7.3,320384
tt10016180,6.3,138554
tt10028196,5.6,181089
tt1007028,6.5,185994
tt1007029,6.4,116355
tt1010048,8.0,904622
tt1013743,6.3,222981
tt1013752,6.5,331067
tt1013753,7.5,185007
tt1014759,6.4,463446
tt10151854,5.9,142895
tt1016150,7.8,305320
tt1017460,5.8,105925
tt10189514,8.6,130881
tt1019452,7.0,157047
tt1020530,6.7,106818
tt1022603,7.6,607968
tt1023111,6.5,110526
tt1023114,7.3,126689
tt1024648,7.7,660770
tt1025100,5.7,129704
tt10272386,8.2,238807
tt1027718,6.2,109405
tt1028528,7.0,330752
tt1028532,8.1,337740
tt10288566,7.7,221319
tt1029234,7.0,117979
tt10293406,6.8,219636
tt10295212,8.3,135352
tt10298810,6.1,134190
tt10304142,6.2,105404
tt1032755,7.2,273742
tt1033575,7.3,258409
tt1033643,6.1,194097
tt1034032,5.7,143197
tt1034303,7.1,160253
tt1034415,6.7,103586
tt10366206,7.6,401208
tt10366460,8.0,201582
tt10370710,7.7,120102
tt1037705,6.8,357976
tt1038686,5.3,118447
tt1038919,5.6,139317
tt1038988,7.4,213652
tt1041829,6.8,390449
tt1045658,7.7,768262
tt1045772,6.6,102753
tt1045778,5.0,107987
tt1046173,5.7,220363
tt1049413,8.3,1215865
tt1051904,6.3,101305
tt1051906,7.1,279650
tt1053424,6.3,113663
tt10545296,6.6,174950
tt1054606,6.7,157064
tt10548174,6.6,173127
tt1055292,6.5,143917
tt1055369,6.0,449529
tt1057500,7.3,173149
tt1058017,6.4,155935
tt1059786,6.6,200485
tt1060277,7.0,440505
tt10618286,6.8,102632
tt10633456,7.4,122748
tt1063669,7.6,120521
tt10638522,7.1,207332
tt10640346,7.1,201795
tt10648342,6.1,450801
tt1065073,7.9,379561
tt10665338,5.5,107061
tt1067106,6.8,139876
tt1067583,6.9,123497
tt10676048,5.5,159390
tt10676052,6.9,227739
tt1068680,6.8,401450
tt10698680,8.2,167083
tt1070874,7.7,203378
tt1071875,4.4,132786
tt10731256,6.3,173360
tt1073498,2.8,114716
tt1074638,7.8,764327
tt1077258,7.0,231626
tt1077368,6.2,292380
tt1078588,7.3,102133
tt1078912,6.0,225744
tt1078940,5.6,120359
tt1080016,6.9,281988
tt10811166,8.5,578286
tt1083452,7.3,105836
tt10838180,5.6,299461
tt1086772,6.5,155808
tt10872600,8.2,993621
tt10886166,3.3,106852
tt10888594,1.8,181488
tt1091191,7.5,320760
tt1091722,6.8,173696
tt1092026,6.9,278754
tt10954600,6.0,263081
tt10954652,5.8,181236
tt10954984,6.8,310269
tt1099212,5.4,519121
tt1100089,7.0,154123
tt11003218,6.9,102907
tt1104001,6.8,382418
tt11057302,4.1,111127
tt11083552,7.1,233584
tt1109624,7.3,153557
tt1111422,6.4,215834
tt11138512,7.0,293131
tt11145118,6.7,104871
tt1114740,5.3,123554
tt1119646,7.7,914328
tt1120985,7.3,222891
tt11214590,6.6,172719
tt1121931,6.1,165939
tt11233960,7.2,126582
tt1124035,7.1,237660
tt11245972,6.3,181647
tt1125849,7.9,329344
tt1126590,6.9,103958
tt11271038,7.1,156411
tt1127180,6.6,228644
tt11286314,7.1,658478
tt11291274,7.0,176266
tt1129442,6.1,184178
tt1130884,8.2,1607996
tt11315808,5.2,176647
tt1131729,7.3,119776
tt1131734,5.6,167710
tt1132620,7.8,229251
tt1132626,5.8,146560
tt1133985,5.5,306686
tt1135503,7.0,134658
tt11358390,6.4,117755
tt1136608,7.9,746121
tt1136617,6.7,218907
tt11389872,6.8,164498
tt1139328,7.2,175910
tt1139797,7.8,237993
tt1142977,6.9,125126
tt1142988,6.4,239718
tt1144884,5.1,138600
tt1148204,7.0,274392
tt1152836,6.9,332752
tt1155056,7.0,224202
tt1155076,6.3,223799
tt11563598,7.3,109753
tt1156398,7.5,659449
tt11564570,7.1,504683
tt1160419,8.0,1012243
tt1161864,6.0,105605
tt1170358,7.8,745292
tt1172049,7.0,129971
tt1172570,7.0,147833
tt1174732,7.2,140606
tt1179034,6.4,126072
tt1179056,5.2,114045
tt1179904,6.3,269833
tt1179933,7.2,379840
tt11813216,7.7,289574
tt1182345,7.8,391422
tt11858890,6.7,192870
tt11866324,7.1,265506
tt1187043,8.4,474220
tt1187064,6.9,145748
tt1188729,6.7,166376
tt1188996,7.9,122222
tt1189073,7.6,178214
tt1189340,7.3,267433
tt1190080,5.9,417475
tt1192628,7.3,314192
tt1193138,7.4,358764
tt1194173,6.6,325919
tt1195478,6.2,104787
tt1197624,7.4,341377
tt12003946,6.7,119762
tt1201167,6.3,126735
tt1201607,8.1,1027806
tt12037194,7.5,311117
tt1204342,7.1,100147
tt1204975,6.6,139718
tt1205489,8.1,853912
tt1205537,6.2,142244
tt1206543,6.7,131021
tt1206885,6.1,118101
tt1210166,7.6,500548
tt1210819,6.4,251399
tt1211837,7.5,867282
tt1211956,6.7,268821
tt1212428,6.6,104846
tt1212450,7.2,261227
tt1213641,7.3,213821
tt1213663,6.9,310629
tt1216475,6.2,248336
tt1216487,7.1,101348
tt1216492,6.4,115271
tt1217209,7.1,472836
tt1217613,5.7,189420
tt1219289,7.4,640315
tt1219827,6.3,237774
tt1220634,5.8,185914
tt1220719,8.0,241638
tt12261776,5.4,104240
tt1226229,6.3,189528
tt1226273,6.6,102774
tt12263384,7.0,169648
tt1226837,7.4,122926
tt1228705,6.9,924693
tt1228987,7.1,132398
tt1229238,7.4,560570
tt1229340,6.3,200279
tt12299608,6.7,221152
tt1230414,6.6,102347
tt1231583,6.5,369261
tt1231587,6.4,195820
tt1232200,5.6,119558
tt1232829,7.2,636703
tt1233227,6.1,134053
tt1234548,6.2,141108
tt1234721,6.1,247704
tt1235166,7.8,106677
tt12361974,7.9,467903
tt1240982,5.5,107176
tt12412888,6.5,113090
tt1242432,6.2,101292
tt1242460,7.4,178942
tt1243957,6.0,267082
tt1245492,6.6,451469
tt1245526,7.0,336233
tt1250777,7.6,616789
tt1253863,6.2,327053
tt1253864,6.0,182149
tt1255953,8.3,242916
tt1258197,6.7,133342
tt12584954,6.5,188987
tt12593682,7.3,518876
tt1259521,7.0,484667
tt1259528,7.0,150747
tt1259571,4.8,317985
tt1262416,6.2,185964
tt1262426,7.3,218500
tt1267297,6.0,170538
tt1270797,6.6,596537
tt1270798,7.7,757728
tt1272878,6.7,235669
tt12747748,6.4,237451
tt12758060,7.4,103666
tt1276104,7.4,624466
tt1277953,6.8,213689
tt12789558,7.2,115853
tt1279935,6.3,178304
tt12801262,7.4,218597
tt1282140,7.0,439195
tt12844910,5.8,165096
tt1284575,5.7,220952
tt1285016,7.8,808806
tt1288558,6.5,210260
tt1289401,6.8,256553
tt1291150,5.8,228369
tt12915716,2.6,136733
tt1291584,8.1,523800
tt1293847,5.2,101031
tt1298649,5.7,136912
tt1298650,6.6,599650
tt1300854,7.1,952814
tt1302006,7.8,465222
tt1302011,7.3,350105
tt1305806,8.2,238945
tt1306980,7.6,351246
tt1307068,6.7,122679
tt1312221,7.5,210599
tt13143964,6.6,163025
tt1314655,6.3,164796
tt1315981,7.5,121475
tt1318514,7.6,600922
tt1320253,6.4,377622
tt1321870,6.7,227871
tt1323594,7.6,624123
tt13238346,7.8,165971
tt1324999,5.0,269702
tt1325004,5.1,277672
tt1327194,6.4,117645
tt13274016,6.8,107241
tt1327773,7.2,123004
tt13287846,6.3,181955
tt13320622,6.1,174196
tt1333125,4.4,119158
tt1334260,7.1,158957
tt13345606,6.5,163730
tt1335975,6.2,178348
tt13375076,6.1,100308
tt1340138,6.3,304801
tt1340800,7.0,224175
tt1343092,7.2,634904
tt13433802,6.3,168088
tt1343727,7.1,309612
tt13452446,6.1,116029
tt1345836,8.4,1964816
tt1351685,6.3,154037
tt1355630,6.7,130900
tt1355644,7.0,488017
tt1355683,6.8,200997
tt13560574,6.5,219691
tt13622970,6.3,120254
tt13654226,6.7,156479
tt1365519,6.3,238937
tt1371111,7.4,384633
tt13751694,6.2,112516
tt1375666,8.8,2767665
tt1375670,6.0,306578
tt1379182,7.1,120847
tt13833688,7.6,273612
tt1385826,7.0,280313
tt1386588,6.7,305746
tt1386697,5.9,753255
tt1386703,6.2,275020
tt1386932,7.5,115661
tt1389072,5.8,136288
tt1389137,7.0,158946
tt1390411,6.9,157511
tt1392170,7.2,1067120
tt1392190,8.1,1192766
tt1392214,8.2,910824
tt1396218,6.0,111619
tt1396484,7.3,679029
tt1397280,6.2,334707
tt1397514,5.7,119497
tt1398426,7.8,231863
tt1399103,6.2,451536
tt1399683,7.1,156462
tt1401152,6.8,275438
tt1403865,7.6,373292
tt1403981,7.1,161855
tt1408101,7.7,507998
tt1408253,6.1,128474
tt1409024,6.8,407688
tt1411238,6.2,253517
tt1411250,6.4,185021
tt1411697,6.5,569648
tt1412386,7.2,103230
tt14138650,6.6,138247
tt14205554,7.5,107055
tt14208870,7.5,132333
tt14209916,5.9,124557
tt14230388,6.4,141294
tt14230458,7.8,379668
tt1424381,6.4,259548
tt1428538,6.1,225216
tt1430132,6.7,519529
tt1431045,8.0,1236122
tt1433108,6.4,116484
tt14364480,7.4,138694
tt1436562,6.9,268454
tt1438176,6.4,118955
tt1440129,5.8,267402
tt1440292,7.3,100187
tt1440728,6.3,106059
tt1441395,6.3,168564
tt14444726,7.4,107738
tt1446192,7.2,206935
tt1446714,7.0,690263
tt1448755,6.4,140177
tt1450321,7.0,121248
tt14513804,5.6,173561
tt1453405,7.2,418493
tt14539740,6.0,130968
tt1454029,8.1,523374
tt1454468,7.7,892925
tt1457767,7.5,612533
tt1458175,7.3,214126
tt1462758,7.0,175197
tt1462764,6.5,228387
tt14641788,6.8,115212
tt1464335,6.3,293719
tt1464540,6.1,251871
tt1465522,7.5,206852
tt1469304,5.5,215942
tt1470827,6.3,101327
tt1477076,5.5,117177
tt1477834,6.8,547723
tt1478338,6.8,322587
tt1478964,6.7,115038
tt1482459,6.4,141421
tt1483013,7.0,581022
tt14846026,6.9,112079
tt14849194,7.9,237962
tt1485796,7.5,340780
tt14858658,6.5,122185
tt1486185,5.4,118879
tt1488555,6.3,203398
tt1488589,7.6,140982
tt1488606,6.5,158724
tt1489887,7.1,138625
tt1489889,6.3,234034
tt1490017,7.7,410339
tt14948432,6.2,155592
tt1496025,6.3,166451
tt14961016,8.1,140689
tt14966898,7.0,141640
tt1499658,6.9,484795
tt14998742,5.6,138827
tt1502397,6.5,194662
tt1502404,5.4,106159
tt1502407,6.5,184800
tt1502712,4.3,190810
tt1504320,8.0,728834
tt15097216,8.6,232218
tt1509767,5.7,115114
tt1515091,7.4,498618
tt1517260,5.8,121247
tt1517268,6.8,652247
tt1517451,7.6,443999
tt15239678,8.4,703512
tt1524137,6.4,128728
tt1524930,6.2,130594
tt1527186,7.1,206127
tt1528100,6.0,185554
tt1528854,6.2,137866
tt15314262,6.3,173668
tt15325794,6.4,130876
tt15327088,8.1,115117
tt1535108,6.6,487889
tt1535109,7.8,515203
tt15354916,6.9,109365
tt1536044,5.7,114561
tt1536537,6.8,142984
tt1538403,5.8,142516
tt15398776,8.2,983790
tt1540133,7.3,100596
tt1542344,7.5,420768
tt1547234,6.5,121850
tt15474916,6.5,232408
tt1549572,6.9,103664
tt1549920,6.3,149708
tt1560220,6.7,221647
tt1560747,7.1,198427
tt1563738,7.0,177967
tt1564367,6.4,285094
tt15671028,6.3,209799
tt1567609,6.9,114276
tt15679400,6.1,139360
tt1568338,6.6,161673
tt1568346,7.8,523316
tt1568911,7.2,171735
tt1568921,7.6,114946
tt1570728,7.4,606533
tt1571222,6.4,111506
tt1571234,6.1,151131
tt15789038,7.0,159370
tt15791034,7.0,251145
tt1583421,5.7,192100
tt1587310,6.9,420607
tt1588170,7.8,162233
tt1588173,6.8,253397
tt1590193,6.3,132747
tt1591095,6.8,362280
tt1592525,6.0,103000
tt1596343,7.3,428617
tt1596350,6.3,199691
tt1596363,7.8,529342
tt1596365,6.4,198739
tt1598778,6.8,328367
tt1599348,6.7,247701
tt1600196,7.0,168778
tt1601913,6.7,272433
tt1602613,5.7,122071
tt1602620,7.9,109784
tt1605630,6.7,232158
tt1605783,7.6,467672
tt1606378,5.2,221809
tt1606389,6.8,212129
tt1611224,5.9,167223
tt1614989,7.5,110689
tt1615065,6.4,138025
tt1615147,7.1,158770
tt1615160,7.0,130870
tt1616195,6.5,137375
tt1617661,5.3,200493
tt1618434,6.1,186543
tt1618442,5.9,115575
tt1622547,6.0,109495
tt1622979,5.9,148595
tt1623205,6.3,220357
tt1623288,7.0,116474
tt16277242,7.8,169335
tt1628841,5.2,197886
tt1630029,7.5,583222
tt16311594,7.7,275814
tt1631867,7.9,794116
tt1632708,6.5,416002
tt1634122,6.3,148021
tt16366836,6.0,147257
tt1636826,6.7,253210
tt1637688,6.7,477965
tt1637725,6.9,700501
tt1638002,7.1,166388
tt1638355,7.2,353621
tt16419074,7.4,190765
tt16426418,7.0,171342
tt1645170,6.5,360797
tt1646971,7.8,395160
tt1646987,5.7,202102
tt1648190,5.6,154140
tt1649418,6.5,267431
tt1649419,7.5,260405
tt1650062,7.0,378357
tt1650554,6.5,298480
tt1655441,7.2,225397
tt1655442,7.8,254316
tt1656190,6.5,123682
tt1657507,6.4,113375
tt1659337,7.9,585142
tt1661199,6.9,203175
tt1663202,8.0,934014
tt1663662,6.9,554008
tt1666801,6.4,106301
tt1667889,6.5,240358
tt1670345,7.2,761400
tt1673434,5.6,278657
tt1675192,7.3,114632
tt1675434,8.5,1009894
tt1677720,7.4,533412
tt1682180,6.7,119336
tt1683526,7.7,109823
tt1684562,6.8,245487
tt1690953,7.3,453659
tt1692486,7.1,137536
tt1700841,6.1,224344
tt17009710,7.6,202452
tt1702439,6.7,120386
tt17024450,6.8,156802
tt1706593,7.0,275143
tt1706620,7.1,415703
tt1707386,7.5,359347
tt1714206,7.0,167445
tt1714915,7.2,114302
tt1723121,7.0,517988
tt1723811,7.2,215370
tt1727388,7.4,163030
tt1727824,7.9,636526
tt17279496,7.0,259101
tt1731141,6.6,263188
tt17351924,7.0,256185
tt1735898,6.1,313069
tt1745960,8.2,834845
tt1748122,7.8,379947
tt17526714,7.2,387791
tt1758830,6.2,158518
tt1764234,6.2,159173
tt1764651,6.6,332447
tt17663992,6.4,145632
tt1772341,7.7,491119
tt1778304,5.8,103703
tt1781769,6.6,111443
tt1790809,6.5,378190
tt1790864,6.8,552558
tt1790885,7.4,337423
tt1790886,6.1,140726
tt1791528,6.6,118117
tt1798684,7.3,274746
tt1798709,8.0,718606
tt1800241,7.2,515492
tt1800246,6.1,109981
tt1809398,7.2,196343
tt1815862,4.8,215527
tt1817273,7.3,305591
tt1821549,7.7,127777
tt1821694,6.6,187378
tt1823672,6.8,281643
tt1825683,7.3,897269
tt1832382,8.3,275161
tt1839492,7.2,108443
tt1840309,6.6,513549
tt18412256,7.1,276308
tt1843866,7.7,958803
tt1853728,8.5,1850242
tt1853739,6.6,117903
tt1854564,5.7,132734
tt1855199,7.6,288189
tt1855325,5.3,157114
tt1856101,8.0,738806
tt1860213,5.9,140517
tt1860242,6.9,112110
tt1860353,6.4,122464
tt1860357,7.1,196307
tt1862079,6.9,134434
tt1872181,6.6,579593
tt1872194,7.4,216932
tt1877830,7.8,908244
tt1877832,7.9,781528
tt1878870,7.3,149267
tt18925334,7.0,154363
tt1895587,8.1,529498
tt1899353,7.6,228042
tt1904996,6.2,134937
tt1905041,7.0,435860
tt1907668,7.3,393833
tt1911644,6.7,133748
tt1911658,6.6,113027
tt1915581,6.1,151684
tt1921064,5.5,121626
tt1922777,6.8,311287
tt1924396,7.8,135735
tt1924429,6.9,120473
tt1924435,6.4,143590
tt1931533,7.1,285594
tt1935179,7.4,197970
tt1935859,6.7,205842
tt1937390,6.9,137452
tt1939659,5.8,154628
tt1950186,8.1,554189
tt1951261,5.9,357691
tt1951264,7.5,763949
tt1951265,6.6,538153
tt1951266,6.6,406558
tt1954470,8.2,112291
tt1956620,5.1,122163
tt1959490,5.8,274606
tt1959563,6.9,260266
tt1964418,6.4,198316
tt1972591,6.7,244913
tt1974419,6.1,109826
tt19770238,7.6,123227
tt1979320,8.1,551433
tt1979376,7.6,307786
tt1979388,6.7,137530
tt1980209,6.4,239589
tt1980929,7.4,175021
tt1981115,6.7,767710
tt1981128,5.4,130837
tt1981677,7.1,346771
tt1985949,6.3,114769
tt1985966,6.3,123646
tt2004420,6.3,342969
tt2005151,7.1,290016
tt2013293,7.8,110561
tt2015381,8.0,1346011
tt20215234,7.4,244909
tt20215968,6.8,125916
tt20221436,5.4,110686
tt2023587,6.2,198429
tt2024432,5.7,147243
tt2024469,6.9,285743
tt2024544,8.1,778176
tt2034800,5.9,157725
tt2042568,7.4,170641
tt2049403,6.6,168471
tt2053463,7.1,203686
tt2066051,7.3,207045
tt2080374,7.2,185850
tt2084970,8.0,868803
tt2094766,5.6,217438
tt2096672,5.6,152157
tt2096673,8.1,896945
tt20969586,7.1,253157
tt2101441,5.3,153498
tt2103281,7.6,507382
tt21064584,7.6,114846
tt2106476,8.3,401860
tt2109248,5.6,346238
tt2119532,8.1,664878
tt2120120,5.6,175941
tt21235248,6.1,101512
tt2126355,6.1,272728
tt21382296,6.5,187077
tt2139881,6.8,127623
tt2140373,7.5,174695
tt2140379,6.5,107331
tt2140479,7.3,388791
tt2170439,6.3,192019
tt2170593,7.2,112594
tt2172934,6.2,100801
tt2177771,6.1,147577
tt2179136,7.3,562476
tt2180411,5.9,152805
tt21823606,7.0,135032
tt2184339,5.8,257444
tt2191701,5.4,187289
tt2193215,5.4,109193
tt2194499,7.8,425545
tt2199571,6.6,119289
tt22022452,7.5,239792
tt2203939,6.0,159315
tt2209418,7.9,183371
tt2209764,6.2,245567
tt2222042,6.9,157148
tt2224026,6.5,119661
tt2226417,6.6,200516
tt2229499,6.5,253882
tt2231461,6.1,198857
tt2234155,6.3,225296
tt2239822,6.4,207586
tt2241351,6.5,111265
tt2245084,7.8,544587
tt2250912,7.4,782315
tt2265171,7.9,137839
tt2267968,7.1,212665
tt2267998,8.1,1151577
tt22687790,6.5,138288
tt2274648,5.3,106390
tt2277860,7.2,328658
tt2278388,8.1,951779
tt2278871,7.6,171736
tt2283336,5.6,158422
tt2283362,6.9,493298
tt2293640,6.4,279979
tt2294449,7.0,433109
tt2294629,7.4,703664
tt2302755,6.5,304370
tt2304933,5.2,124902
tt2305051,7.1,145098
tt2310332,7.4,609723
tt2312718,6.5,140038
tt2316204,6.4,340493
tt2316411,6.9,234666
tt2321549,6.8,267092
tt2322441,4.2,352631
tt23289160,7.7,197198
tt2333784,6.1,204379
tt2334873,7.3,218830
tt2334879,6.3,246991
tt2338151,8.1,219437
tt2345759,5.4,219536
tt23468450,6.6,214411
tt2347569,7.4,101109
tt23561236,7.5,130562
tt2357129,6.0,106630
tt2357291,6.3,109337
tt2358891,7.7,104827
tt2361509,7.1,304213
tt2369135,6.4,185470
tt2379713,6.8,489946
tt2380307,8.4,687947
tt2381111,7.5,157426
tt2381249,7.4,441458
tt2381941,6.6,292219
tt2381991,6.1,125631
tt2382009,6.6,102647
tt2382320,7.3,478453
tt23849204,8.7,165095
tt2386490,7.4,174194
tt2388715,6.5,148357
tt2395427,7.3,985131
tt2397535,7.4,330037
tt2400463,6.6,127586
tt2402927,7.3,152058
tt2404233,5.4,134322
tt2404311,6.3,127145
tt2404435,6.9,242391
tt2404463,6.6,187289
tt2406566,6.7,218113
tt2431286,7.6,106795
tt2446042,6.0,213337
tt2446980,6.6,151408
tt2463208,6.7,253544
tt2481498,6.7,111347
tt2488496,7.7,1015864
tt2494362,7.1,137169
tt2503944,6.6,141076
tt2510894,6.6,158762
tt2527336,6.8,709725
tt2527338,6.3,532899
tt2543164,7.9,846096
tt2543472,7.9,193413
tt2548396,5.5,119615
tt2554274,6.5,167760
tt2557478,5.6,135466
tt2557490,6.1,208406
tt2561572,6.0,153918
tt2562232,7.7,692469
tt2567026,6.2,132762
tt2582496,7.7,143736
tt2582782,7.6,272627
tt2582802,8.5,1124940
tt2582846,7.6,420983
tt2584384,7.9,480544
tt2592614,5.5,106837
tt26047818,6.1,163735
tt2631186,8.0,151359
tt2637276,6.3,255692
tt26581740,7.5,274968
tt26584495,6.9,159568
tt2660888,7.0,268084
tt2671706,7.2,124177
tt26743210,7.8,114526
tt2674426,7.4,324478
tt26753003,5.8,156988
tt2679042,5.7,100459
tt2692250,6.2,147075
tt2692904,7.1,167163
tt2704998,6.9,273711
tt2709692,6.4,111538
tt2709768,6.5,232447
tt2713180,7.6,597636
tt2719848,7.1,244779
tt2737304,6.6,416255
tt27403986,7.0,119817
tt27489557,6.5,110396
tt27534307,6.8,126113
tt2763304,7.1,140073
tt2771200,7.1,354692
tt2788710,6.5,373314
tt2798920,6.8,388712
tt28015403,7.0,210022
tt2802144,7.7,768110
tt2820852,7.1,435030
tt2848292,6.4,178231
tt2854926,6.5,159279
tt28607951,7.4,255618
tt2866360,7.2,168120
tt2870612,6.3,127860
tt2872718,7.8,656228
tt2872732,6.4,571905
tt2873282,6.6,215639
tt2883512,7.3,247421
tt2884206,7.3,139734
tt2906216,7.2,269409
tt2908446,6.2,268732
tt2911666,7.5,811446
tt29268110,6.7,132702
tt2935510,6.5,276506
tt2948356,8.0,611834
tt2948372,8.0,438413
tt2953050,7.2,291454
tt29623480,8.2,208821
tt2975578,6.4,171212
tt2975590,6.4,785311
tt2980516,7.7,504332
tt2980592,6.7,113230
tt3011894,8.1,235022
tt30144839,7.8,240162
tt3040964,7.3,303344
tt3062096,6.2,200198
tt3063516,6.5,100172
tt3065204,7.3,336787
tt3072482,6.7,107679
tt3076658,7.6,329772
tt3079380,7.0,271900
tt31036941,5.9,166623
tt3104988,6.9,206119
tt3110958,6.4,354503
tt31193180,7.5,337766
tt3152624,6.2,146587
tt3170832,8.1,476022
tt3183660,7.2,535227
tt31868189,6.1,109271
tt3195644,6.1,126819
tt32246771,7.1,103979
tt3228774,7.3,290774
tt3235888,6.8,294938
tt32376165,6.4,100220
tt3263904,7.4,318527
tt3281548,7.8,278102
tt3289956,6.8,160844
tt3300542,5.9,178736
tt3315342,8.1,912894
tt3316960,7.5,149511
tt3322364,7.1,104184
tt3322940,5.5,192974
tt3348730,5.7,101262
tt3359350,6.2,179748
tt3371366,5.2,183001
tt3381008,6.2,118348
tt3385516,6.8,487476
tt3393786,6.2,190596
tt3397884,7.7,526032
tt3402236,6.5,317638
tt3410834,5.7,144434
tt3416742,7.6,211629
tt3420504,6.9,109139
tt3450958,7.4,323016
tt3460252,7.8,712206
tt3464902,7.1,328399
tt3469046,6.3,176366
tt3470600,7.1,209004
tt3480822,6.6,469097
tt3488710,7.3,140642
tt3498820,7.8,913405
tt3501632,7.9,880438
tt3513548,7.5,105235
tt3521126,7.3,170388
tt3521164,7.6,432082
tt3522806,5.7,101423
tt3531824,6.5,146318
tt3532216,7.1,229620
tt3544112,7.9,106561
tt3553976,7.8,248212
tt3566834,5.6,148341
tt3567288,6.3,170326
tt3569230,6.9,220471
tt3581652,7.1,120432
tt3605418,4.9,113744
tt3606752,6.7,145395
tt3606756,7.5,363396
tt3622592,6.2,111153
tt3631112,6.5,209116
tt3640424,7.1,178298
tt3659388,8.0,991987
tt3682448,7.6,341720
tt3704428,7.3,257208
tt3717490,5.9,118452
tt3731562,6.7,369965
tt3741700,6.0,225395
tt3741834,8.0,263929
tt3748172,6.5,140267
tt3748528,7.8,744499
tt3766354,6.7,224484
tt3774114,7.3,171126
tt3778644,6.9,403942
tt3783958,8.0,745254
tt3794354,6.5,188519
tt3799232,5.9,101805
tt3799694,7.4,406510
tt3811906,6.2,119959
tt3829266,5.3,160152
tt3846674,7.0,137154
tt3863552,8.1,109281
tt3874544,6.3,154828
tt3882082,6.0,107285
tt3890160,7.5,671738
tt3896198,7.6,816495
tt3915174,7.8,218068
tt3949660,5.9,105306
tt3967856,7.3,140305
tt4003440,6.8,103944
tt4016934,8.1,197397
tt4034228,7.8,348876
tt4034354,6.9,139432
tt4046784,6.3,301695
tt4052882,6.3,152220
tt4062536,7.0,151570
tt4094724,6.0,117787
tt4116284,7.3,188917
tt4123430,6.5,327957
tt4123432,6.2,189495
tt4139588,6.3,105582
tt4154664,6.7,649656
tt4154756,8.4,1341613
tt4154796,8.4,1413670
tt4160708,7.1,326247
tt4172430,7.3,176634
tt4178092,7.0,183170
tt4196776,6.6,254640
tt4209788,7.4,200898
tt4218572,6.8,108296
tt4225622,6.4,119964
tt4244994,7.3,202406
tt4263482,7.0,345617
tt4276820,7.2,200610
tt4287320,5.4,104677
tt4302938,7.7,145350
tt4332232,6.5,109644
tt4364194,7.6,117754
tt4425200,7.4,560223
tt4430212,8.2,106315
tt4438848,5.7,136127
tt4465564,4.6,119784
tt4468740,7.8,111416
tt4481414,7.6,156412
tt4495098,7.1,131296
tt4500922,6.3,186107
tt4501244,6.2,133875
tt4513678,7.0,237998
tt4520988,6.8,214624
tt4530422,6.6,114178
tt4550098,7.4,334972
tt4555426,7.4,239395
tt4566758,5.8,166663
tt4572514,7.3,120937
tt4589218,5.4,131366
tt4630562,6.6,270625
tt4633690,7.3,111478
tt4633694,8.4,768030
tt4649466,6.7,396164
tt4651520,6.2,140145
tt4682786,6.8,108591
tt4686844,7.3,124478
tt4695012,6.1,109923
tt4698684,7.8,151102
tt4701182,6.7,204979
tt4729430,8.2,229933
tt4731136,6.4,121350
tt4772188,7.9,118241
tt4776998,6.1,180148
tt4777008,6.6,130247
tt4779682,5.7,224754
tt4786282,6.3,150760
tt4846232,7.3,151712
tt4846340,7.8,283537
tt4849438,8.2,131239
tt4857264,8.0,209283
tt4873118,7.5,202149
tt4881806,6.1,374607
tt4912910,7.7,414331
tt4919268,6.5,109416
tt4925292,7.4,358880
tt4972582,7.3,611577
tt4975722,7.4,348131
tt4998632,6.1,111242
tt5013056,7.8,794939
tt5022702,6.6,167323
tt5027774,8.1,597598
tt5034838,6.3,263216
tt5040012,7.1,253002
tt5052448,7.8,795987
tt5052474,7.1,187013
tt5074352,8.3,237529
tt5083738,7.5,254743
tt5090568,6.0,128457
tt5095030,7.0,486895
tt5104604,7.8,207526
tt5108870,5.1,169202
tt5109280,7.3,185366
tt5109784,6.6,265190
tt5113044,6.5,102799
tt5140878,6.5,167425
tt5164214,6.3,258312
tt5164432,7.5,132828
tt5177120,6.8,151534
tt5308322,6.6,182590
tt5311514,8.4,379703
tt5323662,8.2,133752
tt5362988,7.7,308406
tt5363618,7.7,181173
tt5433138,5.2,176949
tt5433140,5.7,142325
tt5439796,7.0,175025
tt5442430,6.6,273939
tt5462602,7.5,149063
tt5463162,7.6,733137
tt5478478,7.2,105616
tt5503686,6.3,112055
tt5519340,6.3,208471
tt5537002,7.5,298440
tt5580036,7.5,258120
tt5580390,7.3,470284
tt5606664,7.3,241068
tt5638642,6.4,139059
tt5649144,7.6,144437
tt5700672,7.6,298684
tt5715874,7.0,210851
tt5726616,7.8,351396
tt5727208,7.4,345869
tt5742374,6.7,134328
tt5758778,5.8,143539
tt5774060,5.9,106659
tt5776858,7.4,158798
tt5813916,8.2,112332
tt5814060,5.4,192067
tt5834426,5.2,110839
tt5848272,7.0,201749
tt5884052,6.5,194313
tt5884796,6.5,101707
tt5886046,6.4,157032
tt5950044,7.1,372275
tt5971474,7.2,176534
tt6048922,7.0,129859
tt6105098,6.8,288600
tt6139732,6.9,310653
tt6146586,7.4,471442
tt6155172,7.6,176996
tt6166392,6.9,187538
tt6189022,6.4,120890
tt6208148,2.2,392313
tt6263850,7.5,545106
tt6264654,7.1,479055
tt6266538,7.2,172903
tt6277462,5.6,115139
tt6292852,6.7,105029
tt6294822,7.2,170447
tt6320628,7.3,623322
tt6334354,7.2,451319
tt6343314,7.1,167498
tt6394270,6.8,134616
tt6412452,7.2,181353
tt6443346,6.1,299706
tt6450804,6.2,209682
tt6499752,7.5,229994
tt6565702,5.7,224386
tt6566576,6.2,107807
tt6587046,7.3,121063
tt6628394,7.1,176722
tt6644200,7.5,647357
tt6710474,7.7,616114
tt6718170,7.0,280764
tt6723592,7.3,670453
tt6751668,8.5,1128015
tt6791350,7.9,457256
tt6806448,6.4,253553
tt6823368,6.6,300194
tt6856242,6.3,193059
tt6857112,6.8,383736
tt6878306,6.8,100307
tt6911608,6.6,118573
tt6924650,6.7,103668
tt6966692,8.2,666836
tt7040874,6.7,188247
tt7068946,6.6,119640
tt7069210,6.2,165102
tt7097896,5.9,298027
tt7126948,5.3,308134
tt7131622,7.6,943104
tt7144666,6.9,253572
tt7146812,7.4,183677
tt7160372,7.3,160221
tt7181546,6.8,127347
tt7286456,8.3,1662151
tt7322224,7.2,211341
tt7349662,7.5,309622
tt7349950,6.5,345027
tt7395114,7.1,166260
tt7401588,7.3,133938
tt7405458,7.5,204306
tt7456310,6.7,105802
tt7550000,6.0,102776
tt7556122,6.7,207826
tt7599146,7.6,134821
tt7653254,7.9,367661
tt7657566,6.3,206918
tt7668870,7.6,190267
tt7713068,6.1,279673
tt7737786,6.4,153274
tt7740496,7.0,180208
tt7752126,6.1,118697
tt7784604,7.3,444038
tt7798634,6.8,227683
tt7838252,8.2,109191
tt7846844,6.6,240584
tt7888964,7.4,382774
tt7939766,6.5,107845
tt7959026,7.0,166458
tt7975244,6.6,313298
tt7979580,7.6,139775
tt7984734,7.4,295674
tt7984766,7.3,172781
tt7985704,6.3,107313
tt7991608,6.3,349006
tt8009428,7.3,160751
tt8041270,5.6,240053
tt8079248,6.8,182222
tt8097030,6.9,170531
tt8106534,6.1,208952
tt8108198,8.2,113993
tt8110330,8.3,137181
tt8178634,7.8,199812
tt8228288,7.0,318095
tt8244784,6.6,150163
tt8267604,8.4,121589
tt8332922,7.2,315978
tt8364368,6.1,101362
tt8367814,7.8,448795
tt8385148,6.1,117750
tt8404614,7.6,145095
tt8503618,8.3,135872
tt8579674,8.2,755310
tt8580274,6.5,108122
tt8613070,8.0,124411
tt8623904,6.5,104703
tt8629748,6.2,105211
tt8633478,6.7,110302
tt8695030,5.4,100730
tt8721424,7.5,127179
tt8760708,6.3,178156
tt8772262,7.1,472073
tt8847712,7.1,164292
tt8936646,6.8,285508
tt8946378,7.9,853474
tt8999762,7.3,128372
tt9032400,6.2,420517
tt9071322,7.6,119357
tt9114286,6.6,361252
tt9218128,6.5,283929
tt9243804,6.6,129241
tt9243946,7.3,331845
tt9362722,8.5,499492
tt9362930,5.9,114476
tt9376612,7.3,479680
tt9411972,7.2,154543
tt9419884,6.9,534199
tt9421570,6.3,170333
tt9484998,7.4,209046
tt9495224,7.1,142517
tt9603208,7.2,202472
tt9603212,7.6,319497
tt9619824,6.7,147143
tt9620288,7.5,167185
tt9620292,7.5,249124
tt9639470,7.0,197111
tt9663764,5.6,114326
tt9764362,7.2,483620
tt9770150,7.3,213928
tt9777666,6.6,249076
tt9784798,7.4,112757
tt9893250,6.4,156782
